{
    "name": "root",
    "gauges": {
        "RLPilot.Policy.Entropy.mean": {
            "value": 2.2911601066589355,
            "min": 2.286130905151367,
            "max": 2.356017827987671,
            "count": 31
        },
        "RLPilot.Policy.Entropy.sum": {
            "value": 84965.3828125,
            "min": 11774.9912109375,
            "max": 257787.734375,
            "count": 31
        },
        "RLPilot.Arena.KillRate.mean": {
            "value": 0.5917698939641317,
            "min": 0.290322583529257,
            "max": 0.6817263689908114,
            "count": 31
        },
        "RLPilot.Arena.KillRate.sum": {
            "value": 21.30371618270874,
            "min": 4.476190567016602,
            "max": 54.31895154714584,
            "count": 31
        },
        "RLPilot.Environment.LessonNumber.arena_size.mean": {
            "value": 0.0,
            "min": 0.0,
            "max": 0.0,
            "count": 31
        },
        "RLPilot.Environment.LessonNumber.arena_size.sum": {
            "value": 0.0,
            "min": 0.0,
            "max": 0.0,
            "count": 31
        },
        "RLPilot.Environment.LessonNumber.asteroid_density.mean": {
            "value": 0.0,
            "min": 0.0,
            "max": 0.0,
            "count": 31
        },
        "RLPilot.Environment.LessonNumber.asteroid_density.sum": {
            "value": 0.0,
            "min": 0.0,
            "max": 0.0,
            "count": 31
        },
        "RLPilot.Environment.EpisodeLength.mean": {
            "value": 1201.138888888889,
            "min": 95.58682634730539,
            "max": 1756.4444444444443,
            "count": 31
        },
        "RLPilot.Environment.EpisodeLength.sum": {
            "value": 43241.0,
            "min": 5598.0,
            "max": 46238.0,
            "count": 31
        },
        "RLPilot.Self-play.ELO.mean": {
            "value": 980.4776473968044,
            "min": 980.4776473968044,
            "max": 1035.1955535496381,
            "count": 31
        },
        "RLPilot.Self-play.ELO.sum": {
            "value": 17648.59765314248,
            "min": 4007.165720012302,
            "max": 170807.2663356903,
            "count": 31
        },
        "RLPilot.Step.mean": {
            "value": 1158805.0,
            "min": 559825.0,
            "max": 1158805.0,
            "count": 31
        },
        "RLPilot.Step.sum": {
            "value": 1158805.0,
            "min": 559825.0,
            "max": 1158805.0,
            "count": 31
        },
        "RLPilot.Policy.ExtrinsicValueEstimate.mean": {
            "value": -0.028985708951950073,
            "min": -0.061955731362104416,
            "max": -0.004727758467197418,
            "count": 31
        },
        "RLPilot.Policy.ExtrinsicValueEstimate.sum": {
            "value": -0.5217427611351013,
            "min": -6.724542617797852,
            "max": -0.1262722760438919,
            "count": 31
        },
        "RLPilot.Environment.CumulativeReward.mean": {
            "value": 0.13677792251110077,
            "min": -1.4858281135559082,
            "max": 0.4038524106144905,
            "count": 31
        },
        "RLPilot.Environment.CumulativeReward.sum": {
            "value": 2.462002605199814,
            "min": -16.517518043518066,
            "max": 4.846228927373886,
            "count": 31
        },
        "RLPilot.Policy.ExtrinsicReward.mean": {
            "value": 0.13677792251110077,
            "min": -1.4858281135559082,
            "max": 0.4038524106144905,
            "count": 31
        },
        "RLPilot.Policy.ExtrinsicReward.sum": {
            "value": 2.462002605199814,
            "min": -16.517518043518066,
            "max": 4.846228927373886,
            "count": 31
        },
        "RLPilot.Arena.AvgNormalizedDistance.mean": {
            "value": 0.46697041392326355,
            "min": 0.3851448338140141,
            "max": 0.5997385034958521,
            "count": 31
        },
        "RLPilot.Arena.AvgNormalizedDistance.sum": {
            "value": 16.810934901237488,
            "min": 3.5025689005851746,
            "max": 46.382993906736374,
            "count": 31
        },
        "RLPilot.Arena.DamageDealt_RLShip.mean": {
            "value": 348.10703364540547,
            "min": 96.80720564745201,
            "max": 574.6221879118232,
            "count": 31
        },
        "RLPilot.Arena.DamageDealt_RLShip.sum": {
            "value": 94685.1131515503,
            "min": 17134.151306152344,
            "max": 250845.78495788574,
            "count": 31
        },
        "RLPilot.Arena.DamageDealt_RLShip(1).mean": {
            "value": 344.77083203351054,
            "min": 93.50400390437545,
            "max": 575.0864148347274,
            "count": 31
        },
        "RLPilot.Arena.DamageDealt_RLShip(1).sum": {
            "value": 93088.12464904785,
            "min": 17821.36441040039,
            "max": 259149.23391532898,
            "count": 31
        },
        "RLPilot.Arena.DamageTaken_RLShip(1).mean": {
            "value": 348.10703364540547,
            "min": 96.98090291792347,
            "max": 574.6221879118232,
            "count": 31
        },
        "RLPilot.Arena.DamageTaken_RLShip(1).sum": {
            "value": 94685.1131515503,
            "min": 17134.151306152344,
            "max": 250845.78495788574,
            "count": 31
        },
        "RLPilot.Arena.DamageTaken_RLShip.mean": {
            "value": 344.77083203351054,
            "min": 93.50400390437545,
            "max": 575.4668496173362,
            "count": 31
        },
        "RLPilot.Arena.DamageTaken_RLShip.sum": {
            "value": 93088.12464904785,
            "min": 17821.36441040039,
            "max": 259289.23391532898,
            "count": 31
        },
        "RLPilot.Arena.AvgDamageDealt.mean": {
            "value": 329.53376473320856,
            "min": 92.31547151045366,
            "max": 556.1805556615194,
            "count": 31
        },
        "RLPilot.Arena.AvgDamageDealt.sum": {
            "value": 11863.215530395508,
            "min": 2202.574188232422,
            "max": 32149.808784484863,
            "count": 31
        },
        "RLPilot.Arena.AvgDamageTaken.mean": {
            "value": 329.53376473320856,
            "min": 92.39501696499912,
            "max": 556.362847328186,
            "count": 31
        },
        "RLPilot.Arena.AvgDamageTaken.sum": {
            "value": 11863.215530395508,
            "min": 2202.574188232422,
            "max": 32158.558784484863,
            "count": 31
        },
        "RLPilot.Losses.PolicyLoss.mean": {
            "value": 0.025688372078244964,
            "min": 0.016553223645314575,
            "max": 0.02888541957927924,
            "count": 31
        },
        "RLPilot.Losses.PolicyLoss.sum": {
            "value": 0.05137674415648993,
            "min": 0.016553223645314575,
            "max": 0.05481399155052548,
            "count": 31
        },
        "RLPilot.Losses.ValueLoss.mean": {
            "value": 0.024172958390166362,
            "min": 0.017704703208679954,
            "max": 0.0729765218993028,
            "count": 31
        },
        "RLPilot.Losses.ValueLoss.sum": {
            "value": 0.048345916780332725,
            "min": 0.022261212213021336,
            "max": 0.0897851056108872,
            "count": 31
        },
        "RLPilot.Policy.LearningRate.mean": {
            "value": 0.00017701121149440004,
            "min": 0.00017701121149440004,
            "max": 0.00018890274554863004,
            "count": 31
        },
        "RLPilot.Policy.LearningRate.sum": {
            "value": 0.0003540224229888001,
            "min": 0.00017781351109325,
            "max": 0.0003771753314123401,
            "count": 31
        },
        "RLPilot.Policy.Epsilon.mean": {
            "value": 0.18850560000000002,