{
    "name": "root",
    "gauges": {
        "RLPilot.Policy.Entropy.mean": {
            "value": 2.415769100189209,
            "min": 2.414189338684082,
            "max": 2.416872978210449,
            "count": 3
        },
        "RLPilot.Policy.Entropy.sum": {
            "value": 38806.9140625,
            "min": 38806.9140625,
            "max": 90474.15625,
            "count": 3
        },
        "RLPilot.Environment.LessonNumber.arena_size.mean": {
            "value": 0.0,
            "min": 0.0,
            "max": 0.0,
            "count": 3
        },
        "RLPilot.Environment.LessonNumber.arena_size.sum": {
            "value": 0.0,
            "min": 0.0,
            "max": 0.0,
            "count": 3
        },
        "RLPilot.Environment.LessonNumber.asteroid_density.mean": {
            "value": 0.0,
            "min": 0.0,
            "max": 0.0,
            "count": 3
        },
        "RLPilot.Environment.LessonNumber.asteroid_density.sum": {
            "value": 0.0,
            "min": 0.0,
            "max": 0.0,
            "count": 3
        },
        "RLPilot.Arena.KillRate.mean": {
            "value": 0.0,
            "min": 0.0,
            "max": 0.0,
            "count": 3
        },
        "RLPilot.Arena.KillRate.sum": {
            "value": 0.0,
            "min": 0.0,
            "max": 0.0,
            "count": 3
        },
        "RLPilot.Arena.AvgNormalizedDistance.mean": {
            "value": 0.6407897550808755,
            "min": 0.46998487412929535,
            "max": 0.6407897550808755,
            "count": 3
        },
        "RLPilot.Arena.AvgNormalizedDistance.sum": {
            "value": 12.175005346536636,
            "min": 2.819909244775772,
            "max": 12.175005346536636,
            "count": 3
        },
        "RLPilot.Arena.DamageDealt_RLShipVariant.mean": {
            "value": 25.372385713014197,
            "min": 25.372385713014197,
            "max": 44.17086062224015,
            "count": 3
        },
        "RLPilot.Arena.DamageDealt_RLShipVariant.sum": {
            "value": 1192.5021285116673,
            "min": 1015.9297943115234,
            "max": 2036.1360388994217,
            "count": 3
        },
        "RLPilot.Arena.DamageDealt_RLShip(1).mean": {
            "value": 34.76563331733147,
            "min": 34.76563331733147,
            "max": 87.22071595625444,
            "count": 3
        },
        "RLPilot.Arena.DamageDealt_RLShip(1).sum": {
            "value": 834.3751996159554,
            "min": 834.3751996159554,
            "max": 1176.0413528680801,
            "count": 3
        },
        "RLPilot.Arena.DamageTaken_RLShip(1).mean": {
            "value": 25.372385713014197,
            "min": 25.372385713014197,
            "max": 44.17086062224015,
            "count": 3
        },
        "RLPilot.Arena.DamageTaken_RLShip(1).sum": {
            "value": 1192.5021285116673,
            "min": 1015.9297943115234,
            "max": 2036.1360388994217,
            "count": 3
        },
        "RLPilot.Arena.DamageTaken_RLShipVariant.mean": {
            "value": 34.76563331733147,
            "min": 34.76563331733147,
            "max": 87.22071595625444,
            "count": 3
        },
        "RLPilot.Arena.DamageTaken_RLShipVariant.sum": {
            "value": 834.3751996159554,
            "min": 834.3751996159554,
            "max": 1176.0413528680801,
            "count": 3
        },
        "RLPilot.Arena.AvgDamageDealt.mean": {
            "value": 27.808413043618202,
            "min": 27.808413043618202,
            "max": 57.341565450032554,
            "count": 3
        },
        "RLPilot.Arena.AvgDamageDealt.sum": {
            "value": 500.55143478512764,
            "min": 344.0493927001953,
            "max": 665.248893737793,
            "count": 3
        },
        "RLPilot.Arena.AvgDamageTaken.mean": {
            "value": 27.808413043618202,
            "min": 27.808413043618202,
            "max": 57.341565450032554,
            "count": 3
        },
        "RLPilot.Arena.AvgDamageTaken.sum": {
            "value": 500.55143478512764,
            "min": 344.0493927001953,
            "max": 665.248893737793,
            "count": 3
        },
        "RLPilot.Environment.EpisodeLength.mean": {
            "value": 534.6315789473684,
            "min": 534.6315789473684,
            "max": 659.9333333333333,
            "count": 3
        },
        "RLPilot.Environment.EpisodeLength.sum": {
            "value": 20316.0,
            "min": 7804.0,
            "max": 20316.0,
            "count": 3
        },
        "RLPilot.Self-play.ELO.mean": {
            "value": 622.3922387684003,
            "min": 622.3922387684003,
            "max": 648.6122655809801,
            "count": 3
        },
        "RLPilot.Self-play.ELO.sum": {
            "value": 23650.90507319921,
            "min": 7783.3471869717605,
            "max": 23650.90507319921,
            "count": 3
        },
        "RLPilot.Step.mean": {
            "value": 2499635.0,
            "min": 2459545.0,
            "max": 2499635.0,
            "count": 3
        },
        "RLPilot.Step.sum": {
            "value": 2499635.0,
            "min": 2459545.0,
            "max": 2499635.0,
            "count": 3
        },
        "RLPilot.Policy.ExtrinsicValueEstimate.mean": {
            "value": 0.15525925159454346,
            "min": 0.15525925159454346,
            "max": 0.20647306740283966,
            "count": 3
        },
        "RLPilot.Policy.ExtrinsicValueEstimate.sum": {
            "value": 5.8998517990112305,
            "min": 1.754790186882019,
            "max": 6.194191932678223,
            "count": 3
        },
        "RLPilot.Environment.CumulativeReward.mean": {
            "value": 0.4114356956101562,
            "min": 0.4114356956101562,
            "max": 0.8428677558898926,
            "count": 3
        },
        "RLPilot.Environment.CumulativeReward.sum": {
            "value": 15.634556433185935,
            "min": 8.428677558898926,
            "max": 15.634556433185935,
            "count": 3
        },
        "RLPilot.Policy.ExtrinsicReward.mean": {
            "value": 0.4114356956101562,
            "min": 0.4114356956101562,
            "max": 0.8428677558898926,
            "count": 3
        },
        "RLPilot.Policy.ExtrinsicReward.sum": {
            "value": 15.634556433185935,
            "min": 8.428677558898926,
            "max": 15.634556433185935,
            "count": 3
        },
        "RLPilot.IsTraining.mean": {
            "value": 1.0,
            "min": 1.0,
            "max": 1.0,
            "count": 3
        },
        "RLPilot.IsTraining.sum": {
            "value": 1.0,
            "min": 1.0,
            "max": 1.0,
            "count": 3
        },
        "RLPilot.Losses.PolicyLoss.mean": {
            "value": 0.03164760279825857,
            "min": 0.03121836528236831,
            "max": 0.03164760279825857,
            "count": 2
        },
        "RLPilot.Losses.PolicyLoss.sum": {
            "value": 0.06329520559651713,
            "min": 0.06243673056473662,
            "max": 0.06329520559651713,
            "count": 2
        },
        "RLPilot.Losses.ValueLoss.mean": {
            "value": 0.031224899676482322,
            "min": 0.031224899676482322,
            "max": 0.03928943427151763,
            "count": 2
        },
        "RLPilot.Losses.ValueLoss.sum": {
            "value": 0.062449799352964644,
            "min": 0.062449799352964644,
            "max": 0.07857886854303527,
            "count": 2
        },
        "RLPilot.Policy.LearningRate.mean": {
            "value": 0.00015017548491227,
            "min": 0.00015017548491227,
            "max": 0.00015061316469343,
            "count": 2
        },
        "RLPilot.Policy.LearningRate.sum": {
            "value": 0.00030035096982454,
            "min": 0.00030035096982454,