{
    "name": "root",
    "gauges": {
        "RLPilot.Policy.Entropy.mean": {
            "value": 2.2826263904571533,
            "min": 2.2485125064849854,
            "max": 2.3023228645324707,
            "count": 43
        },
        "RLPilot.Policy.Entropy.sum": {
            "value": 84731.09375,
            "min": 19319.98046875,
            "max": 161599.328125,
            "count": 43
        },
        "RLPilot.Arena.KillRate.mean": {
            "value": 0.8668703618976805,
            "min": 0.6535087776811499,
            "max": 0.8823040373185101,
            "count": 43
        },
        "RLPilot.Arena.KillRate.sum": {
            "value": 62.414666056632996,
            "min": 6.5,
            "max": 78.57330060005188,
            "count": 43
        },
        "RLPilot.Environment.LessonNumber.arena_size.mean": {
            "value": 0.0,
            "min": 0.0,
            "max": 0.0,
            "count": 43
        },
        "RLPilot.Environment.LessonNumber.arena_size.sum": {
            "value": 0.0,
            "min": 0.0,
            "max": 0.0,
            "count": 43
        },
        "RLPilot.Environment.LessonNumber.asteroid_density.mean": {
            "value": 0.0,
            "min": 0.0,
            "max": 0.0,
            "count": 43
        },
        "RLPilot.Environment.LessonNumber.asteroid_density.sum": {
            "value": 0.0,
            "min": 0.0,
            "max": 0.0,
            "count": 43
        },
        "RLPilot.Environment.EpisodeLength.mean": {
            "value": 559.75,
            "min": 122.87288135593221,
            "max": 1006.4102564102565,
            "count": 43
        },
        "RLPilot.Environment.EpisodeLength.sum": {
            "value": 40302.0,
            "min": 5846.0,
            "max": 49750.0,
            "count": 43
        },
        "RLPilot.Arena.DamageDealt_RLShip(2).mean": {
            "value": 224.5860194325447,
            "min": 113.08885752276781,
            "max": 328.0179187322067,
            "count": 43
        },
        "RLPilot.Arena.DamageDealt_RLShip(2).sum": {
            "value": 143735.0524368286,
            "min": 19441.36878967285,
            "max": 232825.48071670532,
            "count": 43
        },
        "RLPilot.Arena.DamageDealt_RLShip(1).mean": {
            "value": 222.9736613546099,
            "min": 123.54233150515006,
            "max": 352.2608709552071,
            "count": 43
        },
        "RLPilot.Arena.DamageDealt_RLShip(1).sum": {
            "value": 140473.40665340424,
            "min": 18966.04761505127,
            "max": 236560.9946937561,
            "count": 43
        },
        "RLPilot.Arena.DamageTaken_RLShip(1).mean": {
            "value": 224.5860194325447,
            "min": 113.43255637710496,
            "max": 328.0179187322067,
            "count": 43
        },
        "RLPilot.Arena.DamageTaken_RLShip(1).sum": {
            "value": 143735.0524368286,
            "min": 19471.36878967285,
            "max": 232825.48071670532,
            "count": 43
        },
        "RLPilot.Arena.DamageTaken_RLShip(2).mean": {
            "value": 222.9736613546099,
            "min": 123.54233150515006,
            "max": 352.2608713019978,
            "count": 43
        },
        "RLPilot.Arena.DamageTaken_RLShip(2).sum": {
            "value": 140473.40665340424,
            "min": 18966.04761505127,
            "max": 236560.9946937561,
            "count": 43
        },
        "RLPilot.Arena.AvgDamageDealt.mean": {
            "value": 220.615696589152,
            "min": 111.77132113568194,
            "max": 334.6633028030395,
            "count": 43
        },
        "RLPilot.Arena.AvgDamageDealt.sum": {
            "value": 15884.330154418945,
            "min": 2140.541259765625,
            "max": 26133.065940856934,
            "count": 43
        },
        "RLPilot.Arena.AvgDamageTaken.mean": {
            "value": 220.615696589152,
            "min": 111.9228364523355,
            "max": 334.6633028030395,
            "count": 43
        },
        "RLPilot.Arena.AvgDamageTaken.sum": {
            "value": 15884.330154418945,
            "min": 2142.2078857421875,
            "max": 26133.065940856934,
            "count": 43
        },
        "RLPilot.Self-play.ELO.mean": {
            "value": 652.3046560587845,
            "min": 652.3046560587845,
            "max": 760.4229106954737,
            "count": 43
        },
        "RLPilot.Self-play.ELO.sum": {
            "value": 23482.967618116243,
            "min": 4399.675149479199,
            "max": 82886.09726580663,
            "count": 43
        },
        "RLPilot.Step.mean": {
            "value": 2439455.0,
            "min": 1599906.0,
            "max": 2439455.0,
            "count": 43
        },
        "RLPilot.Step.sum": {
            "value": 2439455.0,
            "min": 1599906.0,
            "max": 2439455.0,
            "count": 43
        },
        "RLPilot.Policy.ExtrinsicValueEstimate.mean": {
            "value": 0.008622228167951107,
            "min": -0.08755002915859222,
            "max": 0.03681440278887749,
            "count": 43
        },
        "RLPilot.Policy.ExtrinsicValueEstimate.sum": {
            "value": 0.3276446759700775,
            "min": -2.976701021194458,
            "max": 3.9759554862976074,
            "count": 43
        },
        "RLPilot.Environment.CumulativeReward.mean": {
            "value": -0.028360389173030853,
            "min": -0.8343819936980372,
            "max": 0.5366171183008136,
            "count": 43
        },
        "RLPilot.Environment.CumulativeReward.sum": {
            "value": -1.0209740102291107,
            "min": -21.710204631090164,
            "max": 20.016450107097626,
            "count": 43
        },
        "RLPilot.Policy.ExtrinsicReward.mean": {
            "value": -0.028360389173030853,
            "min": -0.8343819936980372,
            "max": 0.5366171183008136,
            "count": 43
        },
        "RLPilot.Policy.ExtrinsicReward.sum": {
            "value": -1.0209740102291107,
            "min": -21.710204631090164,
            "max": 20.016450107097626,
            "count": 43
        },
        "RLPilot.Arena.AvgNormalizedDistance.mean": {
            "value": 0.4025747353831927,
            "min": 0.34183927702492684,
            "max": 0.5422474491596222,
            "count": 43
        },
        "RLPilot.Arena.AvgNormalizedDistance.sum": {
            "value": 28.985380947589874,
            "min": 3.0187520384788513,
            "max": 40.668558686971664,
            "count": 43
        },
        "RLPilot.Losses.PolicyLoss.mean": {
            "value": 0.023691191347461428,
            "min": 0.018185525825780736,
            "max": 0.03138908364273833,
            "count": 43
        },
        "RLPilot.Losses.PolicyLoss.sum": {
            "value": 0.047382382694922856,
            "min": 0.01895270044915378,
            "max": 0.05505296940876481,
            "count": 43
        },
        "RLPilot.Losses.ValueLoss.mean": {
            "value": 0.04191883895546198,
            "min": 0.031903045734559946,
            "max": 0.10132563188672065,
            "count": 43
        },
        "RLPilot.Losses.ValueLoss.sum": {
            "value": 0.08383767791092396,
            "min": 0.038992453987399735,
            "max": 0.11665721421666217,
            "count": 43
        },
        "RLPilot.Policy.LearningRate.mean": {
            "value": 0.00015136012431995002,
            "min": 0.00015136012431995002,
            "max": 0.00016803903598049005,
            "count": 43
        },
        "RLPilot.Policy.LearningRate.sum": {
            "value": 0.00030272024863990004,
            "min": 0.00015299656350173,
            "max": 0.00033498081250960985,
            "count": 43
        },
        "RLPilot.Policy.Epsilon.mean": {
            "value": 0.17568005,
            "min": 0.17568005,