{
    "name": "root",
    "metadata": {
        "timer_format_version": "0.1.0",
        "start_time_seconds": "1750919798",
        "python_version": "3.10.12 | packaged by Anaconda, Inc. | (main, Jul  5 2023, 19:01:18) [MSC v.1916 64 bit (AMD64)]",
        "command_line_arguments": "C:\\Users\\desir\\miniconda3\\envs\\mlagents\\Scripts\\mlagents-learn src/Asteroids3D/Assets/Configs/PilotAgent.yaml --run-id=CommanderCurriculum_v2 --env=src/Asteroids3D/TrainingBuild/LightingTest.exe --width=720 --height=480 --resume --time-scale=1",
        "mlagents_version": "1.1.0",
        "mlagents_envs_version": "1.1.0",
        "communication_protocol_version": "1.5.0",
        "pytorch_version": "2.7.1+cpu",
        "numpy_version": "1.23.5",
        "end_time_seconds": "1750919950"
    },
    "total": 151.39035589999992,
    "count": 1,
    "self": 10.0680112,
    "children": {
        "run_training.setup": {
            "total": 0.27913779999994404,
            "count": 1,
            "self": 0.27913779999994404
        },
        "TrainerController.start_learning": {
            "total": 141.04320689999997,
            "count": 1,
            "self": 0.10903470000187099,
            "children": {
                "TrainerController._reset_env": {
                    "total": 35.361243100000024,
                    "count": 1,
                    "self": 35.361243100000024
                },
                "TrainerController.advance": {
                    "total": 105.09095909999814,
                    "count": 1002,
                    "self": 0.14785599999640908,
                    "children": {
                        "env_step": {
                            "total": 102.80153090000022,
                            "count": 1002,
                            "self": 94.22744959999659,
                            "children": {
                                "SubprocessEnvManager._take_step": {
                                    "total": 8.5293306000018,
                                    "count": 1002,
                                    "self": 0.22516310000207795,
                                    "children": {
                                        "TorchPolicy.evaluate": {
                                            "total": 8.304167499999721,
                                            "count": 972,
                                            "self": 8.304167499999721
                                        }
                                    }
                                },
                                "workers": {
                                    "total": 0.04475070000182768,
                                    "count": 1001,
                                    "self": 0.0,
                                    "children": {
                                        "worker_root": {
                                            "total": 109.11742479999953,
                                            "count": 1001,
                                            "is_parallel": true,
                                            "self": 22.576960799995163,
                                            "children": {
                                                "steps_from_proto": {
                                                    "total": 0.0016543000000410757,
                                                    "count": 1,
                                                    "is_parallel": true,
                                                    "self": 0.000527000000033695,
                                                    "children": {
                                                        "_process_rank_one_or_two_observation": {
                                                            "total": 0.0011273000000073807,
                                                            "count": 6,
                                                            "is_parallel": true,
                                                            "self": 0.0011273000000073807
                                                        }
                                                    }
                                                },
                                                "UnityEnvironment.step": {
                                                    "total": 86.53880970000432,
                                                    "count": 1001,
                                                    "is_parallel": true,
                                                    "self": 0.3361608000020624,
                                                    "children": {
                                                        "UnityEnvironment._generate_step_input": {
                                                            "total": 0.3125061000014284,
                                                            "count": 1001,
                                                            "is_parallel": true,
                                                            "self": 0.3125061000014284
                                                        },
                                                        "communicator.exchange": {
                                                            "total": 84.9001337000019,
                                                            "count": 1001,
                                                            "is_parallel": true,
                                                            "self": 84.9001337000019
                                                        },
                                                        "steps_from_proto": {
                                                            "total": 0.9900090999989288,
                                                            "count": 1001,
                                                            "is_parallel": true,
                                                            "self": 0.35637019999387576,
                                                            "children": {
                                                                "_process_rank_one_or_two_observation": {
                                                                    "total": 0.6336389000050531,
                                                                    "count": 6006,
                                                                    "is_parallel": true,
                                                                    "self": 0.6336389000050531
                                                                }
                                                            }
                                                        }
                                                    }
                                                }
                                            }
                                        }
                                    }
                                }
                            }
                        },
                        "trainer_advance": {
                            "total": 2.1415722000015194,
                            "count": 1001,
                            "self": 0.11080230000095526,
                            "children": {
                                "process_trajectory": {
                                    "total": 2.030769900000564,
                                    "count": 1001,
                                    "self": 2.030769900000564
                                }
                            }
                        }
                    }
                },
                "trainer_threads": {
                    "total": 3.999999989900971e-06,
                    "count": 1,
                    "self": 3.999999989900971e-06
                },
                "TrainerController._save_models": {
                    "total": 0.48196599999994305,