{"count":1,"self":6026.5631743999993,"total":78358.0755354,"children":{"InitializeActuators":{"count":945,"self":0.1127724,"total":0.1127724,"children":null},"InitializeSensors":{"count":945,"self":0.1659975,"total":0.1659975,"children":null},"AgentSendState":{"count":841517,"self":1093.8306559999999,"total":1738.7096010999999,"children":{"CollectObservations":{"count":1503621,"self":349.66737919999997,"total":349.6673722,"children":null},"WriteActionMask":{"count":1503621,"self":6.741172,"total":6.7411721,"children":null},"RequestDecision":{"count":1503621,"self":21.088980799999998,"total":288.47039309999997,"children":{"AgentInfo.ToProto":{"count":1503621,"self":23.876175999999997,"total":267.38141179999997,"children":{"GenerateSensorData":{"count":1503621,"self":223.2103424,"total":243.50523629999998,"children":{"RayPerceptionSensor.Perceive":{"count":3007242,"self":20.2949008,"total":20.2949001,"children":null}}}}}}}}},"DecideAction":{"count":841517,"self":70561.451212799991,"total":70561.450167399991,"children":null},"AgentAct":{"count":841517,"self":23.687583999999998,"total":23.687583699999998,"children":null},"AgentInfo.ToProto":{"count":6481,"self":0.2470908,"total":7.3784826,"children":{"GenerateSensorData":{"count":6481,"self":7.0246119999999994,"total":7.1313917999999994,"children":{"RayPerceptionSensor.Perceive":{"count":12962,"self":0.10678,"total":0.10678,"children":null}}}}}},"gauges":{"RLPilot.CumulativeReward":{"count":5545,"max":5.311641,"min":-3.00913787,"runningAverage":-0.468014479,"value":1.84544122,"weightedAverage":0.8578446}},"metadata":{"timer_format_version":"0.1.0","start_time_seconds":"1751705858","unity_version":"6000.1.8f1","command_line_arguments":"C:\\Users\\desir\\github-classroom\\lmu-cmsi5998-summer2025-final-astronomical\\src\\Asteroids3D\\Assets\\ML-Agents\\..\/..\/RLPPOBuild\/LightingTest.exe -nographics -batchmode --mlagents-port 5005 -logFile C:\\Users\\desir\\github-classroom\\lmu-cmsi5998-summer2025-final-astronomical\\src\\Asteroids3D\\Assets\\ML-Agents\\results\\Curriculum_Pilot_SAC\\run_logs\\Player-0.log","communication_protocol_version":"1.5.0","com.unity.ml-agents_version":"3.0.0","scene_name":"ArenaTraining","end_time_seconds":"1751784214"}}